"Id";"Designator";"Package";"Quantity";"Designation";"Supplier and ref";
1;"F1";"Fuse_Littelfuse-NANO2-451_453";1;"Fuse";;;
2;"J5";"Molex_Mini-Fit_Jr_5566-04A_2x02_P4.20mm_Vertical";1;"Conn_02x02_Top_Bottom";;;
3;"D1";"D_SMB_Handsoldering";1;"S2M";;;
4;"S6";"IDC-Header_2x06_P2.54mm_Vertical";1;"Conn_Slave 6";;;
5;"J3";"PinSocket_2x03_P2.54mm_Vertical";1;"Conn_02x03";;;
6;"S4";"IDC-Header_2x06_P2.54mm_Vertical";1;"Conn_Slave 4";;;
7;"J7";"PinSocket_1x06_P2.54mm_Vertical";1;"Conn_PUSH_B";;;
8;"Trigger_IN1";"SMA_Amphenol_132134_Vertical";1;"Conn_Coaxial";;;
9;"H4,H3,H2,H1";"MountingHole_3.2mm_M3";4;"MountingHole";;;
10;"U3";"SOT-223-3_TabPin2";1;"LM1117-5.0";;;
11;"U1";"SMDIP-8_W9.53mm";1;"HCPL-2400";;;
12;"S5";"IDC-Header_2x06_P2.54mm_Vertical";1;"Conn_Slave 5";;;
13;"S3";"IDC-Header_2x06_P2.54mm_Vertical";1;"Conn_Slave 3";;;
14;"S2";"IDC-Header_2x06_P2.54mm_Vertical";1;"Conn_Slave 2";;;
15;"S1";"IDC-Header_2x06_P2.54mm_Vertical";1;"Conn_Slave 1";;;
16;"R1";"R_0805_2012Metric";1;"620";;;
17;"C12,C9";"CP_Elec_5x3";2;"10uF";;;
18;"C11";"C_0805_2012Metric";1;"100nF";;;
19;"C10";"CP_Elec_5x3";1;"47uF";;;
20;"C2";"C_0805_2012Metric";1;"15p";;;
21;"C1";"C_0805_2012Metric";1;"0,1u";;;
22;"J1";"PinSocket_2x21_P2.54mm_Vertical";1;"Conn_02x21";;;
23;"J2";"PinSocket_2x16_P2.54mm_Vertical";1;"Conn_02x16";;;
24;"J4";"PinSocket_1x04_P2.54mm_Vertical";1;"Conn_DISPLAY_I2C";;;
