<?xml version="1.0" encoding="UTF-8"?>
<export version="D">
  <design>
    <source>/home/rji/Documentos/INTI/EMPIR/Reles/pcb/Multiplexer_Opto_V01_2Layer/Multiplexer_Opto_V01_2Layer.sch</source>
    <date>Fri 04 Dec 2020 23:53:44 -03</date>
    <tool>Eeschema 5.1.5+dfsg1-2build2</tool>
    <sheet number="1" name="/" tstamps="/">
      <title_block>
        <title/>
        <company/>
        <rev/>
        <date/>
        <source>Multiplexer_Opto_V01_2Layer.sch</source>
        <comment number="1" value=""/>
        <comment number="2" value=""/>
        <comment number="3" value=""/>
        <comment number="4" value=""/>
      </title_block>
    </sheet>
    <sheet number="2" name="/FPGA_CTRL/" tstamps="/5F55BBC5/">
      <title_block>
        <title/>
        <company/>
        <rev/>
        <date/>
        <source>FPGA_CTRL.sch</source>
        <comment number="1" value=""/>
        <comment number="2" value=""/>
        <comment number="3" value=""/>
        <comment number="4" value=""/>
      </title_block>
    </sheet>
    <sheet number="3" name="/Channels_Schematic/" tstamps="/5F4D235C/">
      <title_block>
        <title/>
        <company/>
        <rev/>
        <date/>
        <source>Channels.sch</source>
        <comment number="1" value=""/>
        <comment number="2" value=""/>
        <comment number="3" value=""/>
        <comment number="4" value=""/>
      </title_block>
    </sheet>
  </design>
  <components>
    <comp ref="MK1">
      <value>Mounting_Hole_PAD</value>
      <footprint>Mounting_Holes:MountingHole_2.7mm</footprint>
      <libsource lib="Multiplexer_Opto_V01_2Layer-rescue" part="Mounting_Hole_PAD-Mechanical" description=""/>
      <sheetpath names="/" tstamps="/"/>
      <tstamp>5A6CFED2</tstamp>
    </comp>
    <comp ref="MK2">
      <value>Mounting_Hole_PAD</value>
      <footprint>Mounting_Holes:MountingHole_2.7mm</footprint>
      <libsource lib="Multiplexer_Opto_V01_2Layer-rescue" part="Mounting_Hole_PAD-Mechanical" description=""/>
      <sheetpath names="/" tstamps="/"/>
      <tstamp>5A6CFF98</tstamp>
    </comp>
    <comp ref="MK3">
      <value>Mounting_Hole_PAD</value>
      <footprint>Mounting_Holes:MountingHole_2.7mm</footprint>
      <libsource lib="Multiplexer_Opto_V01_2Layer-rescue" part="Mounting_Hole_PAD-Mechanical" description=""/>
      <sheetpath names="/" tstamps="/"/>
      <tstamp>5A6CFFFA</tstamp>
    </comp>
    <comp ref="MK4">
      <value>Mounting_Hole_PAD</value>
      <footprint>Mounting_Holes:MountingHole_2.7mm</footprint>
      <libsource lib="Multiplexer_Opto_V01_2Layer-rescue" part="Mounting_Hole_PAD-Mechanical" description=""/>
      <sheetpath names="/" tstamps="/"/>
      <tstamp>5A6D003F</tstamp>
    </comp>
    <comp ref="J8">
      <value>Conn_02x06_Top_Bottom</value>
      <footprint>Connector_IDC:IDC-Header_2x06_P2.54mm_Vertical</footprint>
      <datasheet>~</datasheet>
      <libsource lib="Connector_Generic" part="Conn_02x06_Odd_Even" description="Generic connector, double row, 02x06, odd/even pin numbering scheme (row 1 odd numbers, row 2 even numbers), script generated (kicad-library-utils/schlib/autogen/connector/)"/>
      <sheetpath names="/FPGA_CTRL/" tstamps="/5F55BBC5/"/>
      <tstamp>5F271EFC</tstamp>
    </comp>
    <comp ref="C23">
      <value>100nF</value>
      <footprint>Capacitor_SMD:C_0805_2012Metric</footprint>
      <datasheet>~</datasheet>
      <libsource lib="Device" part="C" description="Unpolarized capacitor"/>
      <sheetpath names="/FPGA_CTRL/" tstamps="/5F55BBC5/"/>
      <tstamp>5F500CC4</tstamp>
    </comp>
    <comp ref="C24">
      <value>100nF</value>
      <footprint>Capacitor_SMD:C_0805_2012Metric</footprint>
      <datasheet>~</datasheet>
      <libsource lib="Device" part="C" description="Unpolarized capacitor"/>
      <sheetpath names="/FPGA_CTRL/" tstamps="/5F55BBC5/"/>
      <tstamp>5F50103A</tstamp>
    </comp>
    <comp ref="C25">
      <value>22uF</value>
      <footprint>Capacitor_SMD:CP_Elec_5x3</footprint>
      <datasheet>~</datasheet>
      <libsource lib="Device" part="C" description="Unpolarized capacitor"/>
      <sheetpath names="/FPGA_CTRL/" tstamps="/5F55BBC5/"/>
      <tstamp>5F6DEDA6</tstamp>
    </comp>
    <comp ref="TP4">
      <value>TestPoint</value>
      <footprint>TestPoint:TestPoint_Pad_D1.0mm</footprint>
      <datasheet>~</datasheet>
      <libsource lib="Connector" part="TestPoint" description="test point"/>
      <sheetpath names="/FPGA_CTRL/" tstamps="/5F55BBC5/"/>
      <tstamp>5F7207D9</tstamp>
    </comp>
    <comp ref="TP3">
      <value>TestPoint</value>
      <footprint>TestPoint:TestPoint_Pad_D1.0mm</footprint>
      <datasheet>~</datasheet>
      <libsource lib="Connector" part="TestPoint" description="test point"/>
      <sheetpath names="/FPGA_CTRL/" tstamps="/5F55BBC5/"/>
      <tstamp>5F720FED</tstamp>
    </comp>
    <comp ref="TP2">
      <value>TestPoint</value>
      <footprint>TestPoint:TestPoint_Pad_D1.0mm</footprint>
      <datasheet>~</datasheet>
      <libsource lib="Connector" part="TestPoint" description="test point"/>
      <sheetpath names="/FPGA_CTRL/" tstamps="/5F55BBC5/"/>
      <tstamp>5F7215E9</tstamp>
    </comp>
    <comp ref="TP1">
      <value>TestPoint</value>
      <footprint>TestPoint:TestPoint_Pad_D1.0mm</footprint>
      <datasheet>~</datasheet>
      <libsource lib="Connector" part="TestPoint" description="test point"/>
      <sheetpath names="/FPGA_CTRL/" tstamps="/5F55BBC5/"/>
      <tstamp>5F72442A</tstamp>
    </comp>
    <comp ref="TP5">
      <value>TestPoint</value>
      <footprint>TestPoint:TestPoint_Pad_D1.0mm</footprint>
      <datasheet>~</datasheet>
      <libsource lib="Connector" part="TestPoint" description="test point"/>
      <sheetpath names="/FPGA_CTRL/" tstamps="/5F55BBC5/"/>
      <tstamp>5F726018</tstamp>
    </comp>
    <comp ref="TP6">
      <value>TestPoint</value>
      <footprint>TestPoint:TestPoint_Pad_D1.0mm</footprint>
      <datasheet>~</datasheet>
      <libsource lib="Connector" part="TestPoint" description="test point"/>
      <sheetpath names="/FPGA_CTRL/" tstamps="/5F55BBC5/"/>
      <tstamp>5F72643B</tstamp>
    </comp>
    <comp ref="TP0">
      <value>GNDDigital</value>
      <footprint>TestPoint:TestPoint_Pad_D1.0mm</footprint>
      <datasheet>~</datasheet>
      <libsource lib="Connector" part="TestPoint" description="test point"/>
      <sheetpath names="/FPGA_CTRL/" tstamps="/5F55BBC5/"/>
      <tstamp>5F72918F</tstamp>
    </comp>
    <comp ref="TP7">
      <value>VCC</value>
      <footprint>TestPoint:TestPoint_Pad_D1.0mm</footprint>
      <datasheet>~</datasheet>
      <libsource lib="Connector" part="TestPoint" description="test point"/>
      <sheetpath names="/FPGA_CTRL/" tstamps="/5F55BBC5/"/>
      <tstamp>5F7B06B0</tstamp>
    </comp>
    <comp ref="C26">
      <value>100nF</value>
      <footprint>Capacitor_SMD:C_0805_2012Metric</footprint>
      <datasheet>~</datasheet>
      <libsource lib="Device" part="C" description="Unpolarized capacitor"/>
      <sheetpath names="/FPGA_CTRL/" tstamps="/5F55BBC5/"/>
      <tstamp>5FD3C343</tstamp>
    </comp>
    <comp ref="C4">
      <value>1uF</value>
      <footprint>Capacitor_SMD:C_1206_3216Metric</footprint>
      <datasheet>~</datasheet>
      <libsource lib="Device" part="C" description="Unpolarized capacitor"/>
      <sheetpath names="/Channels_Schematic/" tstamps="/5F4D235C/"/>
      <tstamp>5F4EED11</tstamp>
    </comp>
    <comp ref="R6">
      <value>20r</value>
      <footprint>Resistor_SMD:R_0805_2012Metric</footprint>
      <datasheet>~</datasheet>
      <libsource lib="Device" part="R" description="Resistor"/>
      <sheetpath names="/Channels_Schematic/" tstamps="/5F4D235C/"/>
      <tstamp>5F4EED17</tstamp>
    </comp>
    <comp ref="R8">
      <value>390</value>
      <footprint>Resistor_SMD:R_0805_2012Metric</footprint>
      <datasheet>~</datasheet>
      <libsource lib="Device" part="R" description="Resistor"/>
      <sheetpath names="/Channels_Schematic/" tstamps="/5F4D235C/"/>
      <tstamp>5F4EED1D</tstamp>
    </comp>
    <comp ref="R4">
      <value>390</value>
      <footprint>Resistor_SMD:R_0805_2012Metric</footprint>
      <datasheet>~</datasheet>
      <libsource lib="Device" part="R" description="Resistor"/>
      <sheetpath names="/Channels_Schematic/" tstamps="/5F4D235C/"/>
      <tstamp>5F4EED58</tstamp>
    </comp>
    <comp ref="R2">
      <value>20r</value>
      <footprint>Resistor_SMD:R_0805_2012Metric</footprint>
      <datasheet>~</datasheet>
      <libsource lib="Device" part="R" description="Resistor"/>
      <sheetpath names="/Channels_Schematic/" tstamps="/5F4D235C/"/>
      <tstamp>5F4EED5E</tstamp>
    </comp>
    <comp ref="C2">
      <value>1uF</value>
      <footprint>Capacitor_SMD:C_1206_3216Metric</footprint>
      <datasheet>~</datasheet>
      <libsource lib="Device" part="C" description="Unpolarized capacitor"/>
      <sheetpath names="/Channels_Schematic/" tstamps="/5F4D235C/"/>
      <tstamp>5F4EED64</tstamp>
    </comp>
    <comp ref="C6">
      <value>1uF</value>
      <footprint>Capacitor_SMD:C_1206_3216Metric</footprint>
      <datasheet>~</datasheet>
      <libsource lib="Device" part="C" description="Unpolarized capacitor"/>
      <sheetpath names="/Channels_Schematic/" tstamps="/5F4D235C/"/>
      <tstamp>5F4EEDAE</tstamp>
    </comp>
    <comp ref="R10">
      <value>20r</value>
      <footprint>Resistor_SMD:R_0805_2012Metric</footprint>
      <datasheet>~</datasheet>
      <libsource lib="Device" part="R" description="Resistor"/>
      <sheetpath names="/Channels_Schematic/" tstamps="/5F4D235C/"/>
      <tstamp>5F4EEDB4</tstamp>
    </comp>
    <comp ref="R12">
      <value>390</value>
      <footprint>Resistor_SMD:R_0805_2012Metric</footprint>
      <datasheet>~</datasheet>
      <libsource lib="Device" part="R" description="Resistor"/>
      <sheetpath names="/Channels_Schematic/" tstamps="/5F4D235C/"/>
      <tstamp>5F4EEDBA</tstamp>
    </comp>
    <comp ref="C5">
      <value>1uF</value>
      <footprint>Capacitor_SMD:C_1206_3216Metric</footprint>
      <datasheet>~</datasheet>
      <libsource lib="Device" part="C" description="Unpolarized capacitor"/>
      <sheetpath names="/Channels_Schematic/" tstamps="/5F4D235C/"/>
      <tstamp>5F4EEDE3</tstamp>
    </comp>
    <comp ref="R9">
      <value>20r</value>
      <footprint>Resistor_SMD:R_0805_2012Metric</footprint>
      <datasheet>~</datasheet>
      <libsource lib="Device" part="R" description="Resistor"/>
      <sheetpath names="/Channels_Schematic/" tstamps="/5F4D235C/"/>
      <tstamp>5F4EEDE9</tstamp>
    </comp>
    <comp ref="R11">
      <value>390</value>
      <footprint>Resistor_SMD:R_0805_2012Metric</footprint>
      <datasheet>~</datasheet>
      <libsource lib="Device" part="R" description="Resistor"/>
      <sheetpath names="/Channels_Schematic/" tstamps="/5F4D235C/"/>
      <tstamp>5F4EEDEF</tstamp>
    </comp>
    <comp ref="U6">
      <value>VO14642AT</value>
      <footprint>Package_DIP:DIP-6_W7.62mm_SMDSocket_SmallPads</footprint>
      <datasheet>https://www.vishay.com/docs/81646/vo14642a.pdf</datasheet>
      <libsource lib="Multiplexer_lib" part="VO14642AT" description="Solid State  SPST-NO (1 Form A) 6-DIP (0.300&quot;, 7.62mm)"/>
      <sheetpath names="/Channels_Schematic/" tstamps="/5F4D235C/"/>
      <tstamp>5F4EEE27</tstamp>
    </comp>
    <comp ref="U3">
      <value>VO14642AT</value>
      <footprint>Package_DIP:DIP-6_W7.62mm_SMDSocket_SmallPads</footprint>
      <datasheet>https://www.vishay.com/docs/81646/vo14642a.pdf</datasheet>
      <libsource lib="Multiplexer_lib" part="VO14642AT" description="Solid State  SPST-NO (1 Form A) 6-DIP (0.300&quot;, 7.62mm)"/>
      <sheetpath names="/Channels_Schematic/" tstamps="/5F4D235C/"/>
      <tstamp>5F4EEE35</tstamp>
    </comp>
    <comp ref="U8">
      <value>VO14642AT</value>
      <footprint>Package_DIP:DIP-6_W7.62mm_SMDSocket_SmallPads</footprint>
      <datasheet>https://www.vishay.com/docs/81646/vo14642a.pdf</datasheet>
      <libsource lib="Multiplexer_lib" part="VO14642AT" description="Solid State  SPST-NO (1 Form A) 6-DIP (0.300&quot;, 7.62mm)"/>
      <sheetpath names="/Channels_Schematic/" tstamps="/5F4D235C/"/>
      <tstamp>5F4EEE45</tstamp>
    </comp>
    <comp ref="U7">
      <value>VO14642AT</value>
      <footprint>Package_DIP:DIP-6_W7.62mm_SMDSocket_SmallPads</footprint>
      <datasheet>https://www.vishay.com/docs/81646/vo14642a.pdf</datasheet>
      <libsource lib="Multiplexer_lib" part="VO14642AT" description="Solid State  SPST-NO (1 Form A) 6-DIP (0.300&quot;, 7.62mm)"/>
      <sheetpath names="/Channels_Schematic/" tstamps="/5F4D235C/"/>
      <tstamp>5F4EEE4B</tstamp>
    </comp>
    <comp ref="C1">
      <value>1uF</value>
      <footprint>Capacitor_SMD:C_1206_3216Metric</footprint>
      <datasheet>~</datasheet>
      <libsource lib="Device" part="C" description="Unpolarized capacitor"/>
      <sheetpath names="/Channels_Schematic/" tstamps="/5F4D235C/"/>
      <tstamp>5F4EEE56</tstamp>
    </comp>
    <comp ref="R1">
      <value>20r</value>
      <footprint>Resistor_SMD:R_0805_2012Metric</footprint>
      <datasheet>~</datasheet>
      <libsource lib="Device" part="R" description="Resistor"/>
      <sheetpath names="/Channels_Schematic/" tstamps="/5F4D235C/"/>
      <tstamp>5F4EEE5C</tstamp>
    </comp>
    <comp ref="R3">
      <value>390</value>
      <footprint>Resistor_SMD:R_0805_2012Metric</footprint>
      <datasheet>~</datasheet>
      <libsource lib="Device" part="R" description="Resistor"/>
      <sheetpath names="/Channels_Schematic/" tstamps="/5F4D235C/"/>
      <tstamp>5F4EEE62</tstamp>
    </comp>
    <comp ref="U4">
      <value>VO14642AT</value>
      <footprint>Package_DIP:DIP-6_W7.62mm_SMDSocket_SmallPads</footprint>
      <datasheet>https://www.vishay.com/docs/81646/vo14642a.pdf</datasheet>
      <libsource lib="Multiplexer_lib" part="VO14642AT" description="Solid State  SPST-NO (1 Form A) 6-DIP (0.300&quot;, 7.62mm)"/>
      <sheetpath names="/Channels_Schematic/" tstamps="/5F4D235C/"/>
      <tstamp>5F4EEE6B</tstamp>
    </comp>
    <comp ref="J2">
      <value>Conn_CH1</value>
      <footprint>Connector_Coaxial:SMA_Amphenol_132134_Vertical</footprint>
      <datasheet> ~</datasheet>
      <libsource lib="Connector" part="Conn_Coaxial" description="coaxial connector (BNC, SMA, SMB, SMC, Cinch/RCA, ...)"/>
      <sheetpath names="/Channels_Schematic/" tstamps="/5F4D235C/"/>
      <tstamp>5F4EEE71</tstamp>
    </comp>
    <comp ref="J1">
      <value>Com_IO</value>
      <footprint>Connector_Coaxial:SMA_Amphenol_132134_Vertical</footprint>
      <datasheet> ~</datasheet>
      <libsource lib="Connector" part="Conn_Coaxial" description="coaxial connector (BNC, SMA, SMB, SMC, Cinch/RCA, ...)"/>
      <sheetpath names="/Channels_Schematic/" tstamps="/5F4D235C/"/>
      <tstamp>5F4EEE77</tstamp>
    </comp>
    <comp ref="C10">
      <value>1uF</value>
      <footprint>Capacitor_SMD:C_1206_3216Metric</footprint>
      <datasheet>~</datasheet>
      <libsource lib="Device" part="C" description="Unpolarized capacitor"/>
      <sheetpath names="/Channels_Schematic/" tstamps="/5F4D235C/"/>
      <tstamp>5F4EEEA0</tstamp>
    </comp>
    <comp ref="R18">
      <value>20r</value>
      <footprint>Resistor_SMD:R_0805_2012Metric</footprint>
      <datasheet>~</datasheet>
      <libsource lib="Device" part="R" description="Resistor"/>
      <sheetpath names="/Channels_Schematic/" tstamps="/5F4D235C/"/>
      <tstamp>5F4EEEA6</tstamp>
    </comp>
    <comp ref="R20">
      <value>390</value>
      <footprint>Resistor_SMD:R_0805_2012Metric</footprint>
      <datasheet>~</datasheet>
      <libsource lib="Device" part="R" description="Resistor"/>
      <sheetpath names="/Channels_Schematic/" tstamps="/5F4D235C/"/>
      <tstamp>5F4EEEAC</tstamp>
    </comp>
    <comp ref="C9">
      <value>1uF</value>
      <footprint>Capacitor_SMD:C_1206_3216Metric</footprint>
      <datasheet>~</datasheet>
      <libsource lib="Device" part="C" description="Unpolarized capacitor"/>
      <sheetpath names="/Channels_Schematic/" tstamps="/5F4D235C/"/>
      <tstamp>5F4EEED5</tstamp>
    </comp>
    <comp ref="R17">
      <value>20r</value>
      <footprint>Resistor_SMD:R_0805_2012Metric</footprint>
      <datasheet>~</datasheet>
      <libsource lib="Device" part="R" description="Resistor"/>
      <sheetpath names="/Channels_Schematic/" tstamps="/5F4D235C/"/>
      <tstamp>5F4EEEDB</tstamp>
    </comp>
    <comp ref="R19">
      <value>390</value>
      <footprint>Resistor_SMD:R_0805_2012Metric</footprint>
      <datasheet>~</datasheet>
      <libsource lib="Device" part="R" description="Resistor"/>
      <sheetpath names="/Channels_Schematic/" tstamps="/5F4D235C/"/>
      <tstamp>5F4EEEE1</tstamp>
    </comp>
    <comp ref="R16">
      <value>390</value>
      <footprint>Resistor_SMD:R_0805_2012Metric</footprint>
      <datasheet>~</datasheet>
      <libsource lib="Device" part="R" description="Resistor"/>
      <sheetpath names="/Channels_Schematic/" tstamps="/5F4D235C/"/>
      <tstamp>5F4EEEE7</tstamp>
    </comp>
    <comp ref="R14">
      <value>20r</value>
      <footprint>Resistor_SMD:R_0805_2012Metric</footprint>
      <datasheet>~</datasheet>
      <libsource lib="Device" part="R" description="Resistor"/>
      <sheetpath names="/Channels_Schematic/" tstamps="/5F4D235C/"/>
      <tstamp>5F4EEEED</tstamp>
    </comp>
    <comp ref="C8">
      <value>1uF</value>
      <footprint>Capacitor_SMD:C_1206_3216Metric</footprint>
      <datasheet>~</datasheet>
      <libsource lib="Device" part="C" description="Unpolarized capacitor"/>
      <sheetpath names="/Channels_Schematic/" tstamps="/5F4D235C/"/>
      <tstamp>5F4EEEF3</tstamp>
    </comp>
    <comp ref="C12">
      <value>1uF</value>
      <footprint>Capacitor_SMD:C_1206_3216Metric</footprint>
      <datasheet>~</datasheet>
      <libsource lib="Device" part="C" description="Unpolarized capacitor"/>
      <sheetpath names="/Channels_Schematic/" tstamps="/5F4D235C/"/>
      <tstamp>5F4EEF3F</tstamp>
    </comp>
    <comp ref="R22">
      <value>20r</value>
      <footprint>Resistor_SMD:R_0805_2012Metric</footprint>
      <datasheet>~</datasheet>
      <libsource lib="Device" part="R" description="Resistor"/>
      <sheetpath names="/Channels_Schematic/" tstamps="/5F4D235C/"/>
      <tstamp>5F4EEF45</tstamp>
    </comp>
    <comp ref="R24">
      <value>390</value>
      <footprint>Resistor_SMD:R_0805_2012Metric</footprint>
      <datasheet>~</datasheet>
      <libsource lib="Device" part="R" description="Resistor"/>
      <sheetpath names="/Channels_Schematic/" tstamps="/5F4D235C/"/>
      <tstamp>5F4EEF4B</tstamp>
    </comp>
    <comp ref="C11">
      <value>1uF</value>
      <footprint>Capacitor_SMD:C_1206_3216Metric</footprint>
      <datasheet>~</datasheet>
      <libsource lib="Device" part="C" description="Unpolarized capacitor"/>
      <sheetpath names="/Channels_Schematic/" tstamps="/5F4D235C/"/>
      <tstamp>5F4EEF74</tstamp>
    </comp>
    <comp ref="R21">
      <value>20r</value>
      <footprint>Resistor_SMD:R_0805_2012Metric</footprint>
      <datasheet>~</datasheet>
      <libsource lib="Device" part="R" description="Resistor"/>
      <sheetpath names="/Channels_Schematic/" tstamps="/5F4D235C/"/>
      <tstamp>5F4EEF7A</tstamp>
    </comp>
    <comp ref="R23">
      <value>390</value>
      <footprint>Resistor_SMD:R_0805_2012Metric</footprint>
      <datasheet>~</datasheet>
      <libsource lib="Device" part="R" description="Resistor"/>
      <sheetpath names="/Channels_Schematic/" tstamps="/5F4D235C/"/>
      <tstamp>5F4EEF80</tstamp>
    </comp>
    <comp ref="U12">
      <value>VO14642AT</value>
      <footprint>Package_DIP:DIP-6_W7.62mm_SMDSocket_SmallPads</footprint>
      <datasheet>https://www.vishay.com/docs/81646/vo14642a.pdf</datasheet>
      <libsource lib="Multiplexer_lib" part="VO14642AT" description="Solid State  SPST-NO (1 Form A) 6-DIP (0.300&quot;, 7.62mm)"/>
      <sheetpath names="/Channels_Schematic/" tstamps="/5F4D235C/"/>
      <tstamp>5F4EEFB8</tstamp>
    </comp>
    <comp ref="U9">
      <value>VO14642AT</value>
      <footprint>Package_DIP:DIP-6_W7.62mm_SMDSocket_SmallPads</footprint>
      <datasheet>https://www.vishay.com/docs/81646/vo14642a.pdf</datasheet>
      <libsource lib="Multiplexer_lib" part="VO14642AT" description="Solid State  SPST-NO (1 Form A) 6-DIP (0.300&quot;, 7.62mm)"/>
      <sheetpath names="/Channels_Schematic/" tstamps="/5F4D235C/"/>
      <tstamp>5F4EEFC6</tstamp>
    </comp>
    <comp ref="U14">
      <value>VO14642AT</value>
      <footprint>Package_DIP:DIP-6_W7.62mm_SMDSocket_SmallPads</footprint>
      <datasheet>https://www.vishay.com/docs/81646/vo14642a.pdf</datasheet>
      <libsource lib="Multiplexer_lib" part="VO14642AT" description="Solid State  SPST-NO (1 Form A) 6-DIP (0.300&quot;, 7.62mm)"/>
      <sheetpath names="/Channels_Schematic/" tstamps="/5F4D235C/"/>
      <tstamp>5F4EEFD6</tstamp>
    </comp>
    <comp ref="U13">
      <value>VO14642AT</value>
      <footprint>Package_DIP:DIP-6_W7.62mm_SMDSocket_SmallPads</footprint>
      <datasheet>https://www.vishay.com/docs/81646/vo14642a.pdf</datasheet>
      <libsource lib="Multiplexer_lib" part="VO14642AT" description="Solid State  SPST-NO (1 Form A) 6-DIP (0.300&quot;, 7.62mm)"/>
      <sheetpath names="/Channels_Schematic/" tstamps="/5F4D235C/"/>
      <tstamp>5F4EEFDC</tstamp>
    </comp>
    <comp ref="C7">
      <value>1uF</value>
      <footprint>Capacitor_SMD:C_1206_3216Metric</footprint>
      <datasheet>~</datasheet>
      <libsource lib="Device" part="C" description="Unpolarized capacitor"/>
      <sheetpath names="/Channels_Schematic/" tstamps="/5F4D235C/"/>
      <tstamp>5F4EEFE7</tstamp>
    </comp>
    <comp ref="R13">
      <value>20r</value>
      <footprint>Resistor_SMD:R_0805_2012Metric</footprint>
      <datasheet>~</datasheet>
      <libsource lib="Device" part="R" description="Resistor"/>
      <sheetpath names="/Channels_Schematic/" tstamps="/5F4D235C/"/>
      <tstamp>5F4EEFED</tstamp>
    </comp>
    <comp ref="R15">
      <value>390</value>
      <footprint>Resistor_SMD:R_0805_2012Metric</footprint>
      <datasheet>~</datasheet>
      <libsource lib="Device" part="R" description="Resistor"/>
      <sheetpath names="/Channels_Schematic/" tstamps="/5F4D235C/"/>
      <tstamp>5F4EEFF3</tstamp>
    </comp>
    <comp ref="U10">
      <value>VO14642AT</value>
      <footprint>Package_DIP:DIP-6_W7.62mm_SMDSocket_SmallPads</footprint>
      <datasheet>https://www.vishay.com/docs/81646/vo14642a.pdf</datasheet>
      <libsource lib="Multiplexer_lib" part="VO14642AT" description="Solid State  SPST-NO (1 Form A) 6-DIP (0.300&quot;, 7.62mm)"/>
      <sheetpath names="/Channels_Schematic/" tstamps="/5F4D235C/"/>
      <tstamp>5F4EEFF9</tstamp>
    </comp>
    <comp ref="J3">
      <value>Conn_CH2</value>
      <footprint>Connector_Coaxial:SMA_Amphenol_132134_Vertical</footprint>
      <datasheet> ~</datasheet>
      <libsource lib="Connector" part="Conn_Coaxial" description="coaxial connector (BNC, SMA, SMB, SMC, Cinch/RCA, ...)"/>
      <sheetpath names="/Channels_Schematic/" tstamps="/5F4D235C/"/>
      <tstamp>5F4EEFFF</tstamp>
    </comp>
    <comp ref="R7">
      <value>390</value>
      <footprint>Resistor_SMD:R_0805_2012Metric</footprint>
      <datasheet>~</datasheet>
      <libsource lib="Device" part="R" description="Resistor"/>
      <sheetpath names="/Channels_Schematic/" tstamps="/5F4D235C/"/>
      <tstamp>5F4EED52</tstamp>
    </comp>
    <comp ref="R5">
      <value>20r</value>
      <footprint>Resistor_SMD:R_0805_2012Metric</footprint>
      <datasheet>~</datasheet>
      <libsource lib="Device" part="R" description="Resistor"/>
      <sheetpath names="/Channels_Schematic/" tstamps="/5F4D235C/"/>
      <tstamp>5F4EED4C</tstamp>
    </comp>
    <comp ref="C3">
      <value>1uF</value>
      <footprint>Capacitor_SMD:C_1206_3216Metric</footprint>
      <datasheet>~</datasheet>
      <libsource lib="Device" part="C" description="Unpolarized capacitor"/>
      <sheetpath names="/Channels_Schematic/" tstamps="/5F4D235C/"/>
      <tstamp>5F4EED46</tstamp>
    </comp>
    <comp ref="U5">
      <value>VO14642AT</value>
      <footprint>Package_DIP:DIP-6_W7.62mm_SMDSocket_SmallPads</footprint>
      <datasheet>https://www.vishay.com/docs/81646/vo14642a.pdf</datasheet>
      <libsource lib="Multiplexer_lib" part="VO14642AT" description="Solid State  SPST-NO (1 Form A) 6-DIP (0.300&quot;, 7.62mm)"/>
      <sheetpath names="/Channels_Schematic/" tstamps="/5F4D235C/"/>
      <tstamp>5F4EEE2D</tstamp>
    </comp>
    <comp ref="J7">
      <value>MEAS_GND</value>
      <footprint>Connector_Pin:Pin_D1.0mm_L10.0mm</footprint>
      <datasheet>~</datasheet>
      <libsource lib="Connector_Generic" part="Conn_01x01" description="Generic connector, single row, 01x01, script generated (kicad-library-utils/schlib/autogen/connector/)"/>
      <sheetpath names="/Channels_Schematic/" tstamps="/5F4D235C/"/>
      <tstamp>5F6E7885</tstamp>
    </comp>
    <comp ref="J9">
      <value>MEAS_GND</value>
      <footprint>Connector_Pin:Pin_D1.0mm_L10.0mm</footprint>
      <datasheet>~</datasheet>
      <libsource lib="Connector_Generic" part="Conn_01x01" description="Generic connector, single row, 01x01, script generated (kicad-library-utils/schlib/autogen/connector/)"/>
      <sheetpath names="/Channels_Schematic/" tstamps="/5F4D235C/"/>
      <tstamp>5F6F0376</tstamp>
    </comp>
    <comp ref="J10">
      <value>MEAS_GND</value>
      <footprint>Connector_Pin:Pin_D1.0mm_L10.0mm</footprint>
      <datasheet>~</datasheet>
      <libsource lib="Connector_Generic" part="Conn_01x01" description="Generic connector, single row, 01x01, script generated (kicad-library-utils/schlib/autogen/connector/)"/>
      <sheetpath names="/Channels_Schematic/" tstamps="/5F4D235C/"/>
      <tstamp>5F70AADF</tstamp>
    </comp>
    <comp ref="J11">
      <value>GRDo_1</value>
      <footprint>Connector_Pin:Pin_D1.0mm_L10.0mm</footprint>
      <datasheet>~</datasheet>
      <libsource lib="Connector_Generic" part="Conn_01x01" description="Generic connector, single row, 01x01, script generated (kicad-library-utils/schlib/autogen/connector/)"/>
      <sheetpath names="/Channels_Schematic/" tstamps="/5F4D235C/"/>
      <tstamp>5F71EEF8</tstamp>
    </comp>
    <comp ref="J5">
      <value>GRDi_2</value>
      <footprint>Connector_Pin:Pin_D1.0mm_L10.0mm</footprint>
      <datasheet>~</datasheet>
      <libsource lib="Connector_Generic" part="Conn_01x01" description="Generic connector, single row, 01x01, script generated (kicad-library-utils/schlib/autogen/connector/)"/>
      <sheetpath names="/Channels_Schematic/" tstamps="/5F4D235C/"/>
      <tstamp>5F6F5A73</tstamp>
    </comp>
    <comp ref="J4">
      <value>GRDi_1</value>
      <footprint>Connector_Pin:Pin_D1.0mm_L10.0mm</footprint>
      <datasheet>~</datasheet>
      <libsource lib="Connector_Generic" part="Conn_01x01" description="Generic connector, single row, 01x01, script generated (kicad-library-utils/schlib/autogen/connector/)"/>
      <sheetpath names="/Channels_Schematic/" tstamps="/5F4D235C/"/>
      <tstamp>5F6F5724</tstamp>
    </comp>
    <comp ref="J6">
      <value>GRDo_2</value>
      <footprint>Connector_Pin:Pin_D1.0mm_L10.0mm</footprint>
      <datasheet>~</datasheet>
      <libsource lib="Connector_Generic" part="Conn_01x01" description="Generic connector, single row, 01x01, script generated (kicad-library-utils/schlib/autogen/connector/)"/>
      <sheetpath names="/Channels_Schematic/" tstamps="/5F4D235C/"/>
      <tstamp>5F6F510D</tstamp>
    </comp>
    <comp ref="U15">
      <value>VO14642AT</value>
      <footprint>Package_DIP:DIP-6_W7.62mm_SMDSocket_SmallPads</footprint>
      <datasheet>https://www.vishay.com/docs/81646/vo14642a.pdf</datasheet>
      <libsource lib="Multiplexer_lib" part="VO14642AT" description="Solid State  SPST-NO (1 Form A) 6-DIP (0.300&quot;, 7.62mm)"/>
      <sheetpath names="/Channels_Schematic/" tstamps="/5F4D235C/"/>
      <tstamp>5F6AC9CD</tstamp>
    </comp>
    <comp ref="R26">
      <value>390</value>
      <footprint>Resistor_SMD:R_0805_2012Metric</footprint>
      <datasheet>~</datasheet>
      <libsource lib="Device" part="R" description="Resistor"/>
      <sheetpath names="/Channels_Schematic/" tstamps="/5F4D235C/"/>
      <tstamp>5F6AC9C3</tstamp>
    </comp>
    <comp ref="R25">
      <value>20r</value>
      <footprint>Resistor_SMD:R_0805_2012Metric</footprint>
      <datasheet>~</datasheet>
      <libsource lib="Device" part="R" description="Resistor"/>
      <sheetpath names="/Channels_Schematic/" tstamps="/5F4D235C/"/>
      <tstamp>5F6AC9B9</tstamp>
    </comp>
    <comp ref="C13">
      <value>1uF</value>
      <footprint>Capacitor_SMD:C_1206_3216Metric</footprint>
      <datasheet>~</datasheet>
      <libsource lib="Device" part="C" description="Unpolarized capacitor"/>
      <sheetpath names="/Channels_Schematic/" tstamps="/5F4D235C/"/>
      <tstamp>5F6AC9AF</tstamp>
    </comp>
    <comp ref="U16">
      <value>VO14642AT</value>
      <footprint>Package_DIP:DIP-6_W7.62mm_SMDSocket_SmallPads</footprint>
      <datasheet>https://www.vishay.com/docs/81646/vo14642a.pdf</datasheet>
      <libsource lib="Multiplexer_lib" part="VO14642AT" description="Solid State  SPST-NO (1 Form A) 6-DIP (0.300&quot;, 7.62mm)"/>
      <sheetpath names="/Channels_Schematic/" tstamps="/5F4D235C/"/>
      <tstamp>5F68DE47</tstamp>
    </comp>
    <comp ref="R28">
      <value>390</value>
      <footprint>Resistor_SMD:R_0805_2012Metric</footprint>
      <datasheet>~</datasheet>
      <libsource lib="Device" part="R" description="Resistor"/>
      <sheetpath names="/Channels_Schematic/" tstamps="/5F4D235C/"/>
      <tstamp>5F68DE3B</tstamp>
    </comp>
    <comp ref="R27">
      <value>20r</value>
      <footprint>Resistor_SMD:R_0805_2012Metric</footprint>
      <datasheet>~</datasheet>
      <libsource lib="Device" part="R" description="Resistor"/>
      <sheetpath names="/Channels_Schematic/" tstamps="/5F4D235C/"/>
      <tstamp>5F68DE31</tstamp>
    </comp>
    <comp ref="C14">
      <value>1uF</value>
      <footprint>Capacitor_SMD:C_1206_3216Metric</footprint>
      <datasheet>~</datasheet>
      <libsource lib="Device" part="C" description="Unpolarized capacitor"/>
      <sheetpath names="/Channels_Schematic/" tstamps="/5F4D235C/"/>
      <tstamp>5F68DE27</tstamp>
    </comp>
    <comp ref="U11">
      <value>VO14642AT</value>
      <footprint>Package_DIP:DIP-6_W7.62mm_SMDSocket_SmallPads</footprint>
      <datasheet>https://www.vishay.com/docs/81646/vo14642a.pdf</datasheet>
      <libsource lib="Multiplexer_lib" part="VO14642AT" description="Solid State  SPST-NO (1 Form A) 6-DIP (0.300&quot;, 7.62mm)"/>
      <sheetpath names="/Channels_Schematic/" tstamps="/5F4D235C/"/>
      <tstamp>5F4EEFBE</tstamp>
    </comp>
    <comp ref="R33">
      <value>20r</value>
      <footprint>Resistor_SMD:R_0805_2012Metric</footprint>
      <datasheet>~</datasheet>
      <libsource lib="Device" part="R" description="Resistor"/>
      <sheetpath names="/Channels_Schematic/" tstamps="/5F4D235C/"/>
      <tstamp>6033BD22</tstamp>
    </comp>
    <comp ref="C19">
      <value>1uF</value>
      <footprint>Capacitor_SMD:C_0805_2012Metric</footprint>
      <datasheet>~</datasheet>
      <libsource lib="Device" part="C" description="Unpolarized capacitor"/>
      <sheetpath names="/Channels_Schematic/" tstamps="/5F4D235C/"/>
      <tstamp>60357913</tstamp>
    </comp>
    <comp ref="R34">
      <value>20r</value>
      <footprint>Resistor_SMD:R_0805_2012Metric</footprint>
      <datasheet>~</datasheet>
      <libsource lib="Device" part="R" description="Resistor"/>
      <sheetpath names="/Channels_Schematic/" tstamps="/5F4D235C/"/>
      <tstamp>6038EE4B</tstamp>
    </comp>
    <comp ref="C20">
      <value>1uF</value>
      <footprint>Capacitor_SMD:C_0805_2012Metric</footprint>
      <datasheet>~</datasheet>
      <libsource lib="Device" part="C" description="Unpolarized capacitor"/>
      <sheetpath names="/Channels_Schematic/" tstamps="/5F4D235C/"/>
      <tstamp>6038F276</tstamp>
    </comp>
    <comp ref="R36">
      <value>20r</value>
      <footprint>Resistor_SMD:R_0805_2012Metric</footprint>
      <datasheet>~</datasheet>
      <libsource lib="Device" part="R" description="Resistor"/>
      <sheetpath names="/Channels_Schematic/" tstamps="/5F4D235C/"/>
      <tstamp>603A97E1</tstamp>
    </comp>
    <comp ref="C22">
      <value>1uF</value>
      <footprint>Capacitor_SMD:C_0805_2012Metric</footprint>
      <datasheet>~</datasheet>
      <libsource lib="Device" part="C" description="Unpolarized capacitor"/>
      <sheetpath names="/Channels_Schematic/" tstamps="/5F4D235C/"/>
      <tstamp>603A9A96</tstamp>
    </comp>
    <comp ref="R35">
      <value>20r</value>
      <footprint>Resistor_SMD:R_0805_2012Metric</footprint>
      <datasheet>~</datasheet>
      <libsource lib="Device" part="R" description="Resistor"/>
      <sheetpath names="/Channels_Schematic/" tstamps="/5F4D235C/"/>
      <tstamp>603C55C7</tstamp>
    </comp>
    <comp ref="C21">
      <value>1uF</value>
      <footprint>Capacitor_SMD:C_0805_2012Metric</footprint>
      <datasheet>~</datasheet>
      <libsource lib="Device" part="C" description="Unpolarized capacitor"/>
      <sheetpath names="/Channels_Schematic/" tstamps="/5F4D235C/"/>
      <tstamp>603C592F</tstamp>
    </comp>
    <comp ref="R32">
      <value>20r</value>
      <footprint>Resistor_SMD:R_0805_2012Metric</footprint>
      <datasheet>~</datasheet>
      <libsource lib="Device" part="R" description="Resistor"/>
      <sheetpath names="/Channels_Schematic/" tstamps="/5F4D235C/"/>
      <tstamp>604158BF</tstamp>
    </comp>
    <comp ref="C18">
      <value>1uF</value>
      <footprint>Capacitor_SMD:C_0805_2012Metric</footprint>
      <datasheet>~</datasheet>
      <libsource lib="Device" part="C" description="Unpolarized capacitor"/>
      <sheetpath names="/Channels_Schematic/" tstamps="/5F4D235C/"/>
      <tstamp>60415AD9</tstamp>
    </comp>
    <comp ref="R30">
      <value>20r</value>
      <footprint>Resistor_SMD:R_0805_2012Metric</footprint>
      <datasheet>~</datasheet>
      <libsource lib="Device" part="R" description="Resistor"/>
      <sheetpath names="/Channels_Schematic/" tstamps="/5F4D235C/"/>
      <tstamp>604669EE</tstamp>
    </comp>
    <comp ref="C16">
      <value>1uF</value>
      <footprint>Capacitor_SMD:C_0805_2012Metric</footprint>
      <datasheet>~</datasheet>
      <libsource lib="Device" part="C" description="Unpolarized capacitor"/>
      <sheetpath names="/Channels_Schematic/" tstamps="/5F4D235C/"/>
      <tstamp>60466B92</tstamp>
    </comp>
    <comp ref="R29">
      <value>20r</value>
      <footprint>Resistor_SMD:R_0805_2012Metric</footprint>
      <datasheet>~</datasheet>
      <libsource lib="Device" part="R" description="Resistor"/>
      <sheetpath names="/Channels_Schematic/" tstamps="/5F4D235C/"/>
      <tstamp>604F8AC7</tstamp>
    </comp>
    <comp ref="C15">
      <value>1uF</value>
      <footprint>Capacitor_SMD:C_0805_2012Metric</footprint>
      <datasheet>~</datasheet>
      <libsource lib="Device" part="C" description="Unpolarized capacitor"/>
      <sheetpath names="/Channels_Schematic/" tstamps="/5F4D235C/"/>
      <tstamp>604F8D19</tstamp>
    </comp>
    <comp ref="R31">
      <value>20r</value>
      <footprint>Resistor_SMD:R_0805_2012Metric</footprint>
      <datasheet>~</datasheet>
      <libsource lib="Device" part="R" description="Resistor"/>
      <sheetpath names="/Channels_Schematic/" tstamps="/5F4D235C/"/>
      <tstamp>60531AD0</tstamp>
    </comp>
    <comp ref="C17">
      <value>1uF</value>
      <footprint>Capacitor_SMD:C_0805_2012Metric</footprint>
      <datasheet>~</datasheet>
      <libsource lib="Device" part="C" description="Unpolarized capacitor"/>
      <sheetpath names="/Channels_Schematic/" tstamps="/5F4D235C/"/>
      <tstamp>60531E03</tstamp>
    </comp>
    <comp ref="U2">
      <value>74ALV244ADW</value>
      <footprint>Package_SO:SOIC-20W_7.5x12.8mm_P1.27mm</footprint>
      <datasheet>https://assets.nexperia.com/documents/data-sheet/74AHC_AHCT244.pdf</datasheet>
      <libsource lib="74xx" part="74AHC244" description="8-bit Buffer/Line Driver 3-state"/>
      <sheetpath names="/Channels_Schematic/" tstamps="/5F4D235C/"/>
      <tstamp>5FF4D356</tstamp>
    </comp>
    <comp ref="U1">
      <value>74ALV244ADW</value>
      <footprint>Package_SO:SOIC-20W_7.5x12.8mm_P1.27mm</footprint>
      <datasheet>https://assets.nexperia.com/documents/data-sheet/74AHC_AHCT244.pdf</datasheet>
      <libsource lib="74xx" part="74AHC244" description="8-bit Buffer/Line Driver 3-state"/>
      <sheetpath names="/Channels_Schematic/" tstamps="/5F4D235C/"/>
      <tstamp>5F83D24B</tstamp>
    </comp>
    <comp ref="U17">
      <value>74ALV244ADW</value>
      <footprint>Package_SO:SOIC-20W_7.5x12.8mm_P1.27mm</footprint>
      <datasheet>https://assets.nexperia.com/documents/data-sheet/74AHC_AHCT244.pdf</datasheet>
      <libsource lib="74xx" part="74AHC244" description="8-bit Buffer/Line Driver 3-state"/>
      <sheetpath names="/Channels_Schematic/" tstamps="/5F4D235C/"/>
      <tstamp>5FB431DE</tstamp>
    </comp>
  </components>
  <libparts>
    <libpart lib="74xx" part="74HC244">
      <aliases>
        <alias>74HCT244</alias>
        <alias>74AHC244</alias>
        <alias>74AHCT244</alias>
      </aliases>
      <description>8-bit Buffer/Line Driver 3-state</description>
      <docs>https://assets.nexperia.com/documents/data-sheet/74HC_HCT244.pdf</docs>
      <footprints>
        <fp>TSSOP*4.4x6.5mm*P0.65mm*</fp>
        <fp>SSOP*4.4x6.5mm*P0.65mm*</fp>
      </footprints>
      <fields>
        <field name="Reference">U</field>
        <field name="Value">74HC244</field>
      </fields>
      <pins>
        <pin num="1" name="1OE" type="input"/>
        <pin num="2" name="1A0" type="input"/>
        <pin num="3" name="2Y0" type="3state"/>
        <pin num="4" name="1A1" type="input"/>
        <pin num="5" name="2Y1" type="3state"/>
        <pin num="6" name="1A2" type="input"/>
        <pin num="7" name="2Y2" type="3state"/>
        <pin num="8" name="1A3" type="input"/>
        <pin num="9" name="2Y3" type="3state"/>
        <pin num="10" name="GND" type="power_in"/>
        <pin num="11" name="2A3" type="input"/>
        <pin num="12" name="1Y3" type="3state"/>
        <pin num="13" name="2A2" type="input"/>
        <pin num="14" name="1Y2" type="3state"/>
        <pin num="15" name="2A1" type="input"/>
        <pin num="16" name="1Y1" type="3state"/>
        <pin num="17" name="2A0" type="input"/>
        <pin num="18" name="1Y0" type="3state"/>
        <pin num="19" name="2OE" type="input"/>
        <pin num="20" name="VCC" type="power_in"/>
      </pins>
    </libpart>
    <libpart lib="Connector" part="Conn_Coaxial">
      <description>coaxial connector (BNC, SMA, SMB, SMC, Cinch/RCA, ...)</description>
      <docs> ~</docs>
      <footprints>
        <fp>*BNC*</fp>
        <fp>*SMA*</fp>
        <fp>*SMB*</fp>
        <fp>*SMC*</fp>
        <fp>*Cinch*</fp>
      </footprints>
      <fields>
        <field name="Reference">J</field>
        <field name="Value">Conn_Coaxial</field>
      </fields>
      <pins>
        <pin num="1" name="In" type="passive"/>
        <pin num="2" name="Ext" type="passive"/>
      </pins>
    </libpart>
    <libpart lib="Connector" part="TestPoint">
      <description>test point</description>
      <docs>~</docs>
      <footprints>
        <fp>Pin*</fp>
        <fp>Test*</fp>
      </footprints>
      <fields>
        <field name="Reference">TP</field>
        <field name="Value">TestPoint</field>
      </fields>
      <pins>
        <pin num="1" name="1" type="passive"/>
      </pins>
    </libpart>
    <libpart lib="Connector_Generic" part="Conn_01x01">
      <description>Generic connector, single row, 01x01, script generated (kicad-library-utils/schlib/autogen/connector/)</description>
      <docs>~</docs>
      <footprints>
        <fp>Connector*:*_1x??_*</fp>
      </footprints>
      <fields>
        <field name="Reference">J</field>
        <field name="Value">Conn_01x01</field>
      </fields>
      <pins>
        <pin num="1" name="Pin_1" type="passive"/>
      </pins>
    </libpart>
    <libpart lib="Connector_Generic" part="Conn_02x06_Odd_Even">
      <description>Generic connector, double row, 02x06, odd/even pin numbering scheme (row 1 odd numbers, row 2 even numbers), script generated (kicad-library-utils/schlib/autogen/connector/)</description>
      <docs>~</docs>
      <footprints>
        <fp>Connector*:*_2x??_*</fp>
      </footprints>
      <fields>
        <field name="Reference">J</field>
        <field name="Value">Conn_02x06_Odd_Even</field>
      </fields>
      <pins>
        <pin num="1" name="Pin_1" type="passive"/>
        <pin num="2" name="Pin_2" type="passive"/>
        <pin num="3" name="Pin_3" type="passive"/>
        <pin num="4" name="Pin_4" type="passive"/>
        <pin num="5" name="Pin_5" type="passive"/>
        <pin num="6" name="Pin_6" type="passive"/>
        <pin num="7" name="Pin_7" type="passive"/>
        <pin num="8" name="Pin_8" type="passive"/>
        <pin num="9" name="Pin_9" type="passive"/>
        <pin num="10" name="Pin_10" type="passive"/>
        <pin num="11" name="Pin_11" type="passive"/>
        <pin num="12" name="Pin_12" type="passive"/>
      </pins>
    </libpart>
    <libpart lib="Device" part="C">
      <description>Unpolarized capacitor</description>
      <docs>~</docs>
      <footprints>
        <fp>C_*</fp>
      </footprints>
      <fields>
        <field name="Reference">C</field>
        <field name="Value">C</field>
      </fields>
      <pins>
        <pin num="1" name="~" type="passive"/>
        <pin num="2" name="~" type="passive"/>
      </pins>
    </libpart>
    <libpart lib="Device" part="R">
      <description>Resistor</description>
      <docs>~</docs>
      <footprints>
        <fp>R_*</fp>
      </footprints>
      <fields>
        <field name="Reference">R</field>
        <field name="Value">R</field>
      </fields>
      <pins>
        <pin num="1" name="~" type="passive"/>
        <pin num="2" name="~" type="passive"/>
      </pins>
    </libpart>
    <libpart lib="Multiplexer_Opto_V01_2Layer-rescue" part="Mounting_Hole_PAD-Mechanical">
      <footprints>
        <fp>Mounting?Hole*</fp>
        <fp>Hole*</fp>
      </footprints>
      <fields>
        <field name="Reference">MK</field>
        <field name="Value">Mounting_Hole_PAD-Mechanical</field>
      </fields>
      <pins>
        <pin num="1" name="1" type="input"/>
      </pins>
    </libpart>
    <libpart lib="Multiplexer_lib" part="VO14642AT">
      <description>Solid State  SPST-NO (1 Form A) 6-DIP (0.300", 7.62mm)</description>
      <docs>https://www.vishay.com/docs/81646/vo14642a.pdf</docs>
      <footprints>
        <fp>DIP*W7.62mm*</fp>
      </footprints>
      <fields>
        <field name="Reference">U</field>
        <field name="Value">VO14642AT</field>
        <field name="Footprint">Package_DIP:DIP-6_W7.62mm</field>
      </fields>
      <pins>
        <pin num="1" name="~" type="passive"/>
        <pin num="2" name="~" type="passive"/>
        <pin num="3" name="NC" type="NotConnected"/>
        <pin num="4" name="~" type="passive"/>
        <pin num="5" name="~" type="passive"/>
        <pin num="6" name="~" type="passive"/>
      </pins>
    </libpart>
  </libparts>
  <libraries>
    <library logical="74xx">
      <uri>/usr/share/kicad/library/74xx.lib</uri>
    </library>
    <library logical="Connector">
      <uri>/usr/share/kicad/library/Connector.lib</uri>
    </library>
    <library logical="Connector_Generic">
      <uri>/usr/share/kicad/library/Connector_Generic.lib</uri>
    </library>
    <library logical="Device">
      <uri>/usr/share/kicad/library/Device.lib</uri>
    </library>
    <library logical="Multiplexer_Opto_V01_2Layer-rescue">
      <uri>/home/rji/Documentos/INTI/EMPIR/Reles/pcb/Multiplexer_Opto_V01_2Layer/Multiplexer_Opto_V01_2Layer-rescue.lib</uri>
    </library>
    <library logical="Multiplexer_lib">
      <uri>/home/rji/Documentos/INTI/EMPIR/Reles/pcb/Multiplexer_Opto_V01_2Layer/Multiplexer_lib.lib</uri>
    </library>
  </libraries>
  <nets>
    <net code="1" name="Net-(MK2-Pad1)">
      <node ref="MK2" pin="1"/>
    </net>
    <net code="2" name="Net-(MK1-Pad1)">
      <node ref="MK1" pin="1"/>
    </net>
    <net code="3" name="/FPGA_CTRL/CH02_ENA">
      <node ref="J8" pin="2"/>
      <node ref="U2" pin="4"/>
      <node ref="U2" pin="2"/>
      <node ref="TP1" pin="1"/>
    </net>
    <net code="4" name="/FPGA_CTRL/CH01_GRD">
      <node ref="TP2" pin="1"/>
      <node ref="J8" pin="4"/>
      <node ref="U17" pin="2"/>
    </net>
    <net code="5" name="/FPGA_CTRL/CH02_GRD">
      <node ref="J8" pin="6"/>
      <node ref="U17" pin="17"/>
      <node ref="TP3" pin="1"/>
    </net>
    <net code="6" name="/FPGA_CTRL/CH02_GND">
      <node ref="U2" pin="13"/>
      <node ref="U2" pin="11"/>
      <node ref="J8" pin="1"/>
      <node ref="TP6" pin="1"/>
    </net>
    <net code="7" name="/FPGA_CTRL/CH01_GND">
      <node ref="TP4" pin="1"/>
      <node ref="J8" pin="5"/>
      <node ref="U1" pin="11"/>
      <node ref="U1" pin="13"/>
    </net>
    <net code="8" name="/FPGA_CTRL/CH01_ENA">
      <node ref="U1" pin="2"/>
      <node ref="U1" pin="4"/>
      <node ref="J8" pin="3"/>
      <node ref="TP5" pin="1"/>
    </net>
    <net code="10" name="Net-(MK3-Pad1)">
      <node ref="MK3" pin="1"/>
    </net>
    <net code="11" name="Net-(MK4-Pad1)">
      <node ref="MK4" pin="1"/>
    </net>
    <net code="12" name="Net-(C9-Pad1)">
      <node ref="U11" pin="1"/>
      <node ref="R19" pin="1"/>
      <node ref="C9" pin="1"/>
    </net>
    <net code="13" name="GNDD">
      <node ref="C23" pin="1"/>
      <node ref="C19" pin="2"/>
      <node ref="J8" pin="9"/>
      <node ref="U11" pin="2"/>
      <node ref="J8" pin="7"/>
      <node ref="J8" pin="10"/>
      <node ref="U17" pin="1"/>
      <node ref="U17" pin="10"/>
      <node ref="U2" pin="10"/>
      <node ref="U3" pin="2"/>
      <node ref="U6" pin="2"/>
      <node ref="C15" pin="2"/>
      <node ref="C21" pin="2"/>
      <node ref="U8" pin="2"/>
      <node ref="U4" pin="2"/>
      <node ref="U7" pin="2"/>
      <node ref="C18" pin="2"/>
      <node ref="U2" pin="1"/>
      <node ref="U2" pin="19"/>
      <node ref="C22" pin="2"/>
      <node ref="C17" pin="2"/>
      <node ref="U1" pin="1"/>
      <node ref="U1" pin="10"/>
      <node ref="U1" pin="19"/>
      <node ref="U17" pin="11"/>
      <node ref="C24" pin="1"/>
      <node ref="U17" pin="13"/>
      <node ref="U12" pin="2"/>
      <node ref="U17" pin="15"/>
      <node ref="U17" pin="19"/>
      <node ref="U9" pin="2"/>
      <node ref="U17" pin="4"/>
      <node ref="U14" pin="2"/>
      <node ref="U17" pin="6"/>
      <node ref="U17" pin="8"/>
      <node ref="U13" pin="2"/>
      <node ref="C16" pin="2"/>
      <node ref="U5" pin="2"/>
      <node ref="U10" pin="2"/>
      <node ref="TP0" pin="1"/>
      <node ref="C26" pin="1"/>
      <node ref="C25" pin="1"/>
      <node ref="U15" pin="2"/>
      <node ref="C20" pin="2"/>
      <node ref="U16" pin="2"/>
    </net>
    <net code="14" name="VCC">
      <node ref="C23" pin="2"/>
      <node ref="TP7" pin="1"/>
      <node ref="U2" pin="20"/>
      <node ref="U17" pin="20"/>
      <node ref="U1" pin="20"/>
      <node ref="C24" pin="2"/>
      <node ref="C26" pin="2"/>
      <node ref="C25" pin="2"/>
      <node ref="J8" pin="11"/>
      <node ref="J8" pin="12"/>
    </net>
    <net code="15" name="Net-(C22-Pad1)">
      <node ref="R24" pin="2"/>
      <node ref="R22" pin="2"/>
      <node ref="R36" pin="1"/>
      <node ref="C22" pin="1"/>
    </net>
    <net code="16" name="Net-(C10-Pad1)">
      <node ref="U12" pin="1"/>
      <node ref="R20" pin="1"/>
      <node ref="C10" pin="1"/>
    </net>
    <net code="17" name="Net-(U11-Pad5)">
      <node ref="U11" pin="5"/>
    </net>
    <net code="18" name="Net-(U11-Pad3)">
      <node ref="U11" pin="3"/>
    </net>
    <net code="19" name="/Channels_Schematic/CH2_ENA_H1">
      <node ref="U2" pin="14"/>
      <node ref="R33" pin="2"/>
    </net>
    <net code="20" name="/Channels_Schematic/CH2_ENA_L1">
      <node ref="R34" pin="2"/>
      <node ref="U2" pin="12"/>
    </net>
    <net code="21" name="Net-(J11-Pad1)">
      <node ref="U16" pin="6"/>
      <node ref="J11" pin="1"/>
      <node ref="U15" pin="4"/>
      <node ref="J6" pin="1"/>
    </net>
    <net code="22" name="Net-(J5-Pad1)">
      <node ref="J5" pin="1"/>
      <node ref="U16" pin="4"/>
    </net>
    <net code="23" name="Net-(J4-Pad1)">
      <node ref="J4" pin="1"/>
      <node ref="U15" pin="6"/>
    </net>
    <net code="24" name="Net-(U15-Pad5)">
      <node ref="U15" pin="5"/>
    </net>
    <net code="25" name="Net-(U15-Pad3)">
      <node ref="U15" pin="3"/>
    </net>
    <net code="26" name="Net-(C13-Pad1)">
      <node ref="U15" pin="1"/>
      <node ref="R26" pin="1"/>
      <node ref="C13" pin="1"/>
    </net>
    <net code="27" name="/Channels_Schematic/CH1_GRD_i">
      <node ref="R26" pin="2"/>
      <node ref="R25" pin="2"/>
      <node ref="U17" pin="18"/>
    </net>
    <net code="28" name="Net-(C13-Pad2)">
      <node ref="R25" pin="1"/>
      <node ref="C13" pin="2"/>
    </net>
    <net code="29" name="Net-(C6-Pad1)">
      <node ref="U8" pin="1"/>
      <node ref="R12" pin="1"/>
      <node ref="C6" pin="1"/>
    </net>
    <net code="30" name="/Channels_Schematic/CH2_GRD_i">
      <node ref="U17" pin="3"/>
      <node ref="R27" pin="2"/>
      <node ref="R28" pin="2"/>
    </net>
    <net code="31" name="Net-(U16-Pad5)">
      <node ref="U16" pin="5"/>
    </net>
    <net code="32" name="Net-(U16-Pad3)">
      <node ref="U16" pin="3"/>
    </net>
    <net code="33" name="Net-(C14-Pad1)">
      <node ref="C14" pin="1"/>
      <node ref="R28" pin="1"/>
      <node ref="U16" pin="1"/>
    </net>
    <net code="34" name="Net-(C14-Pad2)">
      <node ref="R27" pin="1"/>
      <node ref="C14" pin="2"/>
    </net>
    <net code="35" name="/Channels_Schematic/CH1_ENA_2">
      <node ref="U1" pin="15"/>
      <node ref="U1" pin="17"/>
      <node ref="U1" pin="16"/>
    </net>
    <net code="36" name="Net-(U17-Pad7)">
      <node ref="U17" pin="7"/>
    </net>
    <net code="37" name="Net-(U17-Pad9)">
      <node ref="U17" pin="9"/>
    </net>
    <net code="38" name="Net-(U17-Pad5)">
      <node ref="U17" pin="5"/>
    </net>
    <net code="39" name="Net-(U17-Pad12)">
      <node ref="U17" pin="12"/>
    </net>
    <net code="40" name="Net-(U17-Pad14)">
      <node ref="U17" pin="14"/>
    </net>
    <net code="41" name="Net-(U17-Pad16)">
      <node ref="U17" pin="16"/>
    </net>
    <net code="42" name="Net-(C18-Pad1)">
      <node ref="R32" pin="1"/>
      <node ref="R11" pin="2"/>
      <node ref="R9" pin="2"/>
      <node ref="C18" pin="1"/>
    </net>
    <net code="43" name="Net-(C21-Pad1)">
      <node ref="R23" pin="2"/>
      <node ref="C21" pin="1"/>
      <node ref="R35" pin="1"/>
      <node ref="R21" pin="2"/>
    </net>
    <net code="44" name="/Channels_Schematic/CH2_ENA_H2">
      <node ref="R35" pin="2"/>
      <node ref="U2" pin="5"/>
    </net>
    <net code="45" name="/Channels_Schematic/CH2_ENA_1">
      <node ref="U2" pin="8"/>
      <node ref="U2" pin="6"/>
      <node ref="U2" pin="18"/>
    </net>
    <net code="46" name="/Channels_Schematic/CH2_ENA_L2">
      <node ref="U2" pin="3"/>
      <node ref="R36" pin="2"/>
    </net>
    <net code="47" name="/Channels_Schematic/CH2_ENA_2">
      <node ref="U2" pin="17"/>
      <node ref="U2" pin="16"/>
      <node ref="U2" pin="15"/>
    </net>
    <net code="48" name="/Channels_Schematic/CH1_ENA_L2">
      <node ref="U1" pin="12"/>
      <node ref="R31" pin="2"/>
    </net>
    <net code="49" name="/Channels_Schematic/CH1_ENA_H2">
      <node ref="R32" pin="2"/>
      <node ref="U1" pin="14"/>
    </net>
    <net code="50" name="/Channels_Schematic/CH1_ENA_1">
      <node ref="U1" pin="8"/>
      <node ref="U1" pin="6"/>
      <node ref="U1" pin="18"/>
    </net>
    <net code="51" name="/Channels_Schematic/CH1_ENA_L1">
      <node ref="R29" pin="2"/>
      <node ref="U1" pin="3"/>
    </net>
    <net code="52" name="/Channels_Schematic/CH1_ENA_H1">
      <node ref="R30" pin="2"/>
      <node ref="U1" pin="5"/>
    </net>
    <net code="53" name="/Channels_Schematic/CH1_GND_L">
      <node ref="R6" pin="2"/>
      <node ref="U1" pin="9"/>
      <node ref="R8" pin="2"/>
    </net>
    <net code="54" name="Net-(C17-Pad1)">
      <node ref="R31" pin="1"/>
      <node ref="C17" pin="1"/>
      <node ref="R10" pin="2"/>
      <node ref="R12" pin="2"/>
    </net>
    <net code="55" name="Net-(C1-Pad2)">
      <node ref="R1" pin="1"/>
      <node ref="C1" pin="2"/>
    </net>
    <net code="56" name="Net-(U7-Pad3)">
      <node ref="U7" pin="3"/>
    </net>
    <net code="57" name="Net-(U7-Pad5)">
      <node ref="U7" pin="5"/>
    </net>
    <net code="58" name="Net-(C1-Pad1)">
      <node ref="R3" pin="1"/>
      <node ref="C1" pin="1"/>
      <node ref="U3" pin="1"/>
    </net>
    <net code="59" name="Net-(C16-Pad1)">
      <node ref="R1" pin="2"/>
      <node ref="R3" pin="2"/>
      <node ref="R30" pin="1"/>
      <node ref="C16" pin="1"/>
    </net>
    <net code="60" name="Net-(J1-Pad1)">
      <node ref="U9" pin="6"/>
      <node ref="U3" pin="4"/>
      <node ref="J1" pin="1"/>
    </net>
    <net code="61" name="Net-(J1-Pad2)">
      <node ref="J1" pin="2"/>
      <node ref="U4" pin="6"/>
      <node ref="U10" pin="4"/>
    </net>
    <net code="62" name="Net-(U4-Pad3)">
      <node ref="U4" pin="3"/>
    </net>
    <net code="63" name="Net-(J2-Pad1)">
      <node ref="U7" pin="6"/>
      <node ref="J2" pin="1"/>
    </net>
    <net code="64" name="Net-(U3-Pad5)">
      <node ref="U3" pin="5"/>
    </net>
    <net code="65" name="Net-(U3-Pad6)">
      <node ref="U7" pin="4"/>
      <node ref="U3" pin="6"/>
      <node ref="U5" pin="6"/>
    </net>
    <net code="66" name="Net-(U4-Pad4)">
      <node ref="U4" pin="4"/>
      <node ref="U8" pin="6"/>
      <node ref="U6" pin="4"/>
    </net>
    <net code="67" name="Net-(U4-Pad5)">
      <node ref="U4" pin="5"/>
    </net>
    <net code="68" name="Net-(J2-Pad2)">
      <node ref="U8" pin="4"/>
      <node ref="J2" pin="2"/>
    </net>
    <net code="69" name="Net-(U8-Pad3)">
      <node ref="U8" pin="3"/>
    </net>
    <net code="70" name="Net-(U8-Pad5)">
      <node ref="U8" pin="5"/>
    </net>
    <net code="71" name="Net-(C9-Pad2)">
      <node ref="R17" pin="1"/>
      <node ref="C9" pin="2"/>
    </net>
    <net code="72" name="/Channels_Schematic/CH2_GND_H">
      <node ref="U2" pin="7"/>
      <node ref="R19" pin="2"/>
      <node ref="R17" pin="2"/>
    </net>
    <net code="73" name="Net-(C20-Pad1)">
      <node ref="R16" pin="2"/>
      <node ref="C20" pin="1"/>
      <node ref="R14" pin="2"/>
      <node ref="R34" pin="1"/>
    </net>
    <net code="74" name="Net-(C8-Pad2)">
      <node ref="C8" pin="2"/>
      <node ref="R14" pin="1"/>
    </net>
    <net code="75" name="/Channels_Schematic/CH2_GND_L">
      <node ref="R20" pin="2"/>
      <node ref="R18" pin="2"/>
      <node ref="U2" pin="9"/>
    </net>
    <net code="76" name="Net-(U3-Pad3)">
      <node ref="U3" pin="3"/>
    </net>
    <net code="77" name="Net-(C10-Pad2)">
      <node ref="R18" pin="1"/>
      <node ref="C10" pin="2"/>
    </net>
    <net code="78" name="Net-(C15-Pad1)">
      <node ref="R4" pin="2"/>
      <node ref="C15" pin="1"/>
      <node ref="R2" pin="2"/>
      <node ref="R29" pin="1"/>
    </net>
    <net code="79" name="Net-(C2-Pad2)">
      <node ref="R2" pin="1"/>
      <node ref="C2" pin="2"/>
    </net>
    <net code="80" name="Net-(C6-Pad2)">
      <node ref="R10" pin="1"/>
      <node ref="C6" pin="2"/>
    </net>
    <net code="81" name="Net-(C4-Pad1)">
      <node ref="U6" pin="1"/>
      <node ref="R8" pin="1"/>
      <node ref="C4" pin="1"/>
    </net>
    <net code="82" name="Net-(C4-Pad2)">
      <node ref="C4" pin="2"/>
      <node ref="R6" pin="1"/>
    </net>
    <net code="83" name="Net-(C5-Pad1)">
      <node ref="U7" pin="1"/>
      <node ref="R11" pin="1"/>
      <node ref="C5" pin="1"/>
    </net>
    <net code="84" name="Net-(C2-Pad1)">
      <node ref="U4" pin="1"/>
      <node ref="R4" pin="1"/>
      <node ref="C2" pin="1"/>
    </net>
    <net code="85" name="GND">
      <node ref="J7" pin="1"/>
      <node ref="J10" pin="1"/>
      <node ref="J9" pin="1"/>
      <node ref="U12" pin="4"/>
      <node ref="U6" pin="6"/>
      <node ref="U5" pin="4"/>
      <node ref="U11" pin="6"/>
    </net>
    <net code="86" name="Net-(U6-Pad3)">
      <node ref="U6" pin="3"/>
    </net>
    <net code="87" name="Net-(U6-Pad5)">
      <node ref="U6" pin="5"/>
    </net>
    <net code="88" name="Net-(C5-Pad2)">
      <node ref="R9" pin="1"/>
      <node ref="C5" pin="2"/>
    </net>
    <net code="89" name="Net-(U5-Pad5)">
      <node ref="U5" pin="5"/>
    </net>
    <net code="90" name="Net-(U9-Pad5)">
      <node ref="U9" pin="5"/>
    </net>
    <net code="91" name="Net-(U10-Pad5)">
      <node ref="U10" pin="5"/>
    </net>
    <net code="92" name="Net-(U12-Pad5)">
      <node ref="U12" pin="5"/>
    </net>
    <net code="93" name="Net-(U13-Pad5)">
      <node ref="U13" pin="5"/>
    </net>
    <net code="94" name="Net-(C7-Pad2)">
      <node ref="R13" pin="1"/>
      <node ref="C7" pin="2"/>
    </net>
    <net code="95" name="Net-(U13-Pad3)">
      <node ref="U13" pin="3"/>
    </net>
    <net code="96" name="Net-(J3-Pad1)">
      <node ref="J3" pin="1"/>
      <node ref="U13" pin="4"/>
    </net>
    <net code="97" name="Net-(C7-Pad1)">
      <node ref="C7" pin="1"/>
      <node ref="R15" pin="1"/>
      <node ref="U9" pin="1"/>
    </net>
    <net code="98" name="Net-(U14-Pad5)">
      <node ref="U14" pin="5"/>
    </net>
    <net code="99" name="Net-(C19-Pad1)">
      <node ref="R15" pin="2"/>
      <node ref="R33" pin="1"/>
      <node ref="C19" pin="1"/>
      <node ref="R13" pin="2"/>
    </net>
    <net code="100" name="Net-(C8-Pad1)">
      <node ref="U10" pin="1"/>
      <node ref="C8" pin="1"/>
      <node ref="R16" pin="1"/>
    </net>
    <net code="101" name="Net-(U10-Pad3)">
      <node ref="U10" pin="3"/>
    </net>
    <net code="102" name="Net-(U5-Pad3)">
      <node ref="U5" pin="3"/>
    </net>
    <net code="103" name="Net-(C3-Pad1)">
      <node ref="R7" pin="1"/>
      <node ref="C3" pin="1"/>
      <node ref="U5" pin="1"/>
    </net>
    <net code="104" name="/Channels_Schematic/CH1_GND_H">
      <node ref="R5" pin="2"/>
      <node ref="U1" pin="7"/>
      <node ref="R7" pin="2"/>
    </net>
    <net code="105" name="Net-(C3-Pad2)">
      <node ref="C3" pin="2"/>
      <node ref="R5" pin="1"/>
    </net>
    <net code="106" name="Net-(C11-Pad1)">
      <node ref="C11" pin="1"/>
      <node ref="R23" pin="1"/>
      <node ref="U13" pin="1"/>
    </net>
    <net code="107" name="Net-(C12-Pad1)">
      <node ref="R24" pin="1"/>
      <node ref="C12" pin="1"/>
      <node ref="U14" pin="1"/>
    </net>
    <net code="108" name="Net-(C11-Pad2)">
      <node ref="C11" pin="2"/>
      <node ref="R21" pin="1"/>
    </net>
    <net code="109" name="Net-(C12-Pad2)">
      <node ref="R22" pin="1"/>
      <node ref="C12" pin="2"/>
    </net>
    <net code="110" name="Net-(U9-Pad3)">
      <node ref="U9" pin="3"/>
    </net>
    <net code="111" name="Net-(U11-Pad4)">
      <node ref="U13" pin="6"/>
      <node ref="U11" pin="4"/>
      <node ref="U9" pin="4"/>
    </net>
    <net code="112" name="Net-(U10-Pad6)">
      <node ref="U10" pin="6"/>
      <node ref="U14" pin="4"/>
      <node ref="U12" pin="6"/>
    </net>
    <net code="113" name="Net-(J3-Pad2)">
      <node ref="J3" pin="2"/>
      <node ref="U14" pin="6"/>
    </net>
    <net code="114" name="Net-(U14-Pad3)">
      <node ref="U14" pin="3"/>
    </net>
    <net code="115" name="Net-(U12-Pad3)">
      <node ref="U12" pin="3"/>
    </net>
    <net code="116" name="Net-(J8-Pad8)">
      <node ref="J8" pin="8"/>
    </net>
  </nets>
</export>
