"Source:","/home/rji/Documentos/INTI/EMPIR/Reles/pcb/Multiplexer_Opto_V01_2Layer/Multiplexer_Opto_V01_2Layer.sch"
"Date:","Fri 04 Dec 2020 23:53:44 -03"
"Tool:","Eeschema 5.1.5+dfsg1-2build2"
"Generator:","/usr/share/kicad/plugins/bom_csv_grouped_by_value_with_fp.py"
"Component Count:","102"
"Ref","Qnty","Value","Cmp name","Footprint","Description","Vendor"
"C1, C2, C3, C4, C5, C6, C7, C8, C9, C10, C11, C12, C13, C14, ","14","1uF","C","Capacitor_SMD:C_1206_3216Metric","Unpolarized capacitor",""
"C15, C16, C17, C18, C19, C20, C21, C22, ","8","1uF","C","Capacitor_SMD:C_0805_2012Metric","Unpolarized capacitor",""
"C23, C24, C26, ","3","100nF","C","Capacitor_SMD:C_0805_2012Metric","Unpolarized capacitor",""
"C25, ","1","22uF","C","Capacitor_SMD:CP_Elec_5x3","Unpolarized capacitor",""
"J1, ","1","Com_IO","Conn_Coaxial","Connector_Coaxial:SMA_Amphenol_132134_Vertical","coaxial connector (BNC, SMA, SMB, SMC, Cinch/RCA, ...)",""
"J2, ","1","Conn_CH1","Conn_Coaxial","Connector_Coaxial:SMA_Amphenol_132134_Vertical","coaxial connector (BNC, SMA, SMB, SMC, Cinch/RCA, ...)",""
"J3, ","1","Conn_CH2","Conn_Coaxial","Connector_Coaxial:SMA_Amphenol_132134_Vertical","coaxial connector (BNC, SMA, SMB, SMC, Cinch/RCA, ...)",""
"J4, ","1","GRDi_1","Conn_01x01","Connector_Pin:Pin_D1.0mm_L10.0mm","Generic connector, single row, 01x01, script generated (kicad-library-utils/schlib/autogen/connector/)",""
"J5, ","1","GRDi_2","Conn_01x01","Connector_Pin:Pin_D1.0mm_L10.0mm","Generic connector, single row, 01x01, script generated (kicad-library-utils/schlib/autogen/connector/)",""
"J6, ","1","GRDo_2","Conn_01x01","Connector_Pin:Pin_D1.0mm_L10.0mm","Generic connector, single row, 01x01, script generated (kicad-library-utils/schlib/autogen/connector/)",""
"J7, J9, J10, ","3","MEAS_GND","Conn_01x01","Connector_Pin:Pin_D1.0mm_L10.0mm","Generic connector, single row, 01x01, script generated (kicad-library-utils/schlib/autogen/connector/)",""
"J8, ","1","Conn_02x06_Top_Bottom","Conn_02x06_Odd_Even","Connector_IDC:IDC-Header_2x06_P2.54mm_Vertical","Generic connector, double row, 02x06, odd/even pin numbering scheme (row 1 odd numbers, row 2 even numbers), script generated (kicad-library-utils/schlib/autogen/connector/)",""
"J11, ","1","GRDo_1","Conn_01x01","Connector_Pin:Pin_D1.0mm_L10.0mm","Generic connector, single row, 01x01, script generated (kicad-library-utils/schlib/autogen/connector/)",""
"MK1, MK2, MK3, MK4, ","4","Mounting_Hole_PAD","Mounting_Hole_PAD-Mechanical","Mounting_Holes:MountingHole_2.7mm","",""
"R1, R2, R5, R6, R9, R10, R13, R14, R17, R18, R21, R22, R25, R27, R29, R30, R31, R32, R33, R34, R35, R36, ","22","20r","R","Resistor_SMD:R_0805_2012Metric","Resistor",""
"R3, R4, R7, R8, R11, R12, R15, R16, R19, R20, R23, R24, R26, R28, ","14","390","R","Resistor_SMD:R_0805_2012Metric","Resistor",""
"TP0, ","1","GNDDigital","TestPoint","TestPoint:TestPoint_Pad_D1.0mm","test point",""
"TP1, TP2, TP3, TP4, TP5, TP6, ","6","TestPoint","TestPoint","TestPoint:TestPoint_Pad_D1.0mm","test point",""
"TP7, ","1","VCC","TestPoint","TestPoint:TestPoint_Pad_D1.0mm","test point",""
"U1, U2, U17, ","3","74ALV244ADW","74AHC244","Package_SO:SOIC-20W_7.5x12.8mm_P1.27mm","8-bit Buffer/Line Driver 3-state",""
"U3, U4, U5, U6, U7, U8, U9, U10, U11, U12, U13, U14, U15, U16, ","14","VO14642AT","VO14642AT","Package_DIP:DIP-6_W7.62mm_SMDSocket_SmallPads","Solid State  SPST-NO (1 Form A) 6-DIP (0.300"", 7.62mm)",""
