"Id";"Designator";"Package";"Quantity";"Designation";"Supplier and ref";
1;"SW4";"SW_PUSH-12mm";1;"SW_uC_RST";;;
2;"SW3";"SW_PUSH-12mm";1;"SW_LOC_REM";;;
3;"SW1";"SW_PUSH-12mm";1;"SW_MUX_RST";;;
4;"SW2";"SW_PUSH-12mm";1;"SW_CH_ENA";;;
5;"D1";"D_SOD-123";1;"1N4148";;;
6;"H5,H4,H3,H2,H1";"MountingHole_2.2mm_M2";5;"MountingHole";;;
7;"R4";"R_1206_3216Metric";1;"10k";;;
8;"R3,R2,R1";"R_0805_2012Metric";3;"1k";;;
9;"J1";"PinSocket_1x06_P2.54mm_Horizontal";1;"Conn_01x06";;;
10;"C4";"C_0805_2012Metric";1;"22pF";;;
11;"C3,C2,C1";"C_0805_2012Metric";3;"47nF";;;
